"name","namespace","revision","updated","status","chart","app_version"
"ap-validation-prototype","default","45","2024-09-02 11:37:22.717403877 +0000 UTC","deployed","ap-validation-prototype-0.1.0","1.0"
"billing-service","default","23","2024-09-02 11:24:43.140318069 +0000 UTC","deployed","billing-service-0.1.0","1.0"
"capybara-server","default","7","2024-03-12 20:21:24.626855352 +0000 UTC","deployed","capybara-server-0.1.0","1.0"
"cert-manager","default","2","2023-08-31 09:05:09.329524 +0100 BST","deployed","cert-manager-v1.12.3","v1.12.3"
"cus-84","default","1","2024-09-23 07:12:18.654246129 +0000 UTC","deployed","excel-data-extraction-0.1.0","1.0"
"cw-data-store-service","default","37","2024-09-03 14:12:26.961742248 +0000 UTC","deployed","cw-data-store-service-0.1.0","1.16.0"
"dataset-evaluator","default","90","2024-08-30 12:21:21.262560827 +0000 UTC","deployed","dataset-evaluator-0.1.0","1.0"
"dataset-evaluator-oauth2-proxy","default","2","2024-02-15 14:25:01.190726 +0000 UTC","deployed","oauth2-proxy-6.23.1","7.5.1"
"edi-file-gen","default","21","2024-09-19 06:45:06.459003263 +0000 UTC","deployed","edi-file-gen-0.1.0","1.0"
"edi-file-gen-cus-4","default","1","2024-09-02 07:25:10.422533566 +0000 UTC","deployed","edi-file-gen-0.1.0","1.0"
"edi-file-gen-cus-mgd4xf","default","1","2024-08-27 20:36:09.719461372 +0000 UTC","deployed","edi-file-gen-0.1.0","1.0"
"edi-processing","default","46","2024-08-14 15:48:43.870636569 +0000 UTC","deployed","edi-processing-0.1.0","1.0"
"file-data-processor","default","21","2024-09-02 10:15:13.411655051 +0000 UTC","deployed","file-data-processor-0.1.0","1.0"
"gitlab-slack","default","57","2024-09-11 08:17:04.370321874 +0000 UTC","deployed","gitlab-slack-0.1.0","1.0"
"ingress","default","16","2024-08-01 18:16:36.528239 +0100 BST","deployed","ingress-nginx-4.11.1","1.11.1"
"keda","default","3","2024-04-02 12:34:12.467948 +0100 BST","deployed","keda-2.11.2","2.11.2"
"matomo","default","2","2024-06-27 17:00:15.906604 +0100 BST","deployed","matomo-0.1.0","1.0"
"matomo-mysql","default","1","2020-05-13 18:02:44.286959 +0100 BST","deployed","mysql-6.13.0","8.0.20"
"pack-splicing-and-classification","default","23","2024-09-16 15:27:01.817392141 +0000 UTC","deployed","pack-splicing-and-classification-0.1.0","1.0"
"payments-staging-c75q0p","default","3","2023-01-19 12:55:56.752144295 +0000 UTC","deployed","vector-payment-integrations-0.1.0","0.1"
"quotes-rates","default","210","2024-09-02 11:29:36.835479031 +0000 UTC","deployed","quotes-rates-0.1.0","1.0"
"raft-masterdata","default","29","2024-09-23 13:33:50.979040075 +0000 UTC","deployed","raft-masterdata-0.1.0","1.16.0"
"raft-partners","default","40","2024-07-31 13:45:37.188912702 +0000 UTC","deployed","raft-partners-0.1.0","1.16.0"
"raft-ship-ext-consumer","default","153","2024-09-03 12:24:56.820407091 +0000 UTC","deployed","raft-ship-ext-consumer-0.1.0","1.16.0"
"raft-ship-ext-producer","default","130","2024-09-03 12:25:13.358690853 +0000 UTC","deployed","raft-ship-ext-producer-0.1.0","1.16.0"
"raft-ship-ext-rabbitmq","default","115","2024-09-03 12:24:50.654726705 +0000 UTC","deployed","rabbitmq-12.0.13","3.12.3"
"raftbot","default","17","2024-07-19 14:15:54.22276632 +0000 UTC","deployed","raftbot-0.1.0","1.0"
"redis-cache","default","3","2023-10-17 18:20:21.889844 +0100 BST","deployed","redis-17.14.2","7.0.12"
"ref-apps2-276-loo-xl2f43-db","default","1","2024-03-19 11:57:38.457436229 +0000 UTC","deployed","postgresql-11.7.0","14.4.0"
"ref-apps2-276-loo-xl2f43-redis","default","4","2024-03-20 08:34:49.624950003 +0000 UTC","deployed","redis-17.15.6","7.2.0"
"ref-enblr-164-car-ghb99a-db","default","1","2024-04-04 14:21:07.341200689 +0000 UTC","deployed","postgresql-11.7.0","14.4.0"
"ref-fin-161-disab-0nlezd","default","1","2024-09-20 10:57:43.906972828 +0000 UTC","failed","vector-cargowise-reference-lookup-0.1.0","1.0"
"ref-fin-161-disab-0nlezd-db","default","1","2024-09-20 10:56:06.717406823 +0000 UTC","deployed","postgresql-11.7.0","14.4.0"
"ref-fin-161-disab-0nlezd-redis","default","1","2024-09-20 10:57:00.029681071 +0000 UTC","deployed","redis-17.15.6","7.2.0"
"ref-fwk-546-fdsb2g","default","1","2024-09-23 09:18:01.563005984 +0000 UTC","deployed","vector-cargowise-reference-lookup-0.1.0","1.0"
"ref-fwk-546-fdsb2g-db","default","1","2024-09-23 09:16:42.814187079 +0000 UTC","deployed","postgresql-11.7.0","14.4.0"
"ref-fwk-546-fdsb2g-redis","default","1","2024-09-23 09:17:27.596776903 +0000 UTC","deployed","redis-17.15.6","7.2.0"
"ref-omn-1912-ekjwfw","default","4","2024-09-20 14:32:13.468682276 +0000 UTC","deployed","vector-cargowise-reference-lookup-0.1.0","1.0"
"ref-omn-1912-ekjwfw-db","default","1","2024-09-11 15:40:06.562604265 +0000 UTC","deployed","postgresql-11.7.0","14.4.0"
"ref-omn-1912-ekjwfw-redis","default","4","2024-09-20 14:32:08.881850578 +0000 UTC","deployed","redis-17.15.6","7.2.0"
"response-parser","default","29","2024-09-02 12:36:32.513506201 +0000 UTC","deployed","response-parser-0.1.0","1.0"
"rq-exporter","default","1","2023-07-31 12:11:46.528885 +0100 BST","deployed","rq-exporter-0.1.0","2.0.0"
"search-engine","default","309","2024-09-19 11:05:28.861455297 +0000 UTC","deployed","search-engine-0.1.0","1.0"
"search-engine-elastic","default","6","2024-01-18 17:25:15.568258679 +0000 UTC","deployed","elasticsearch-19.3.0","8.4.1"
"shadow-model-store-server","default","14","2024-09-05 09:59:24.974386655 +0000 UTC","deployed","shadow-model-store-server-0.1.0","1.0"
"staging-rabbitmq","default","5824","2024-03-15 21:12:15.880196582 +0000 UTC","deployed","rabbitmq-12.0.13","3.12.3"
"summary-view","default","15","2024-09-02 11:38:34.44459598 +0000 UTC","deployed","summary-view-0.1.0","1.0"
"text-translation","default","11","2024-09-02 10:18:33.999573779 +0000 UTC","deployed","text-translation-0.1.0","1.0"
"timescale-db","default","3","2024-05-17 15:20:54.157376 +0100 BST","deployed","timescaledb-single-0.33.1",""
"vector-address-extraction","default","7","2023-05-19 15:53:46.430757479 +0000 UTC","deployed","vector-address-extraction-0.1.0","1.0"
"vector-address-parsing","default","6","2023-06-14 12:34:45.104433639 +0000 UTC","deployed","vector-address-parsing-0.1.0","1.0"
"vector-audit-service","default","148","2024-09-02 10:45:31.99393492 +0000 UTC","deployed","vector-audit-service-0.1.0","1.0"
"vector-backend","default","6494","2024-09-23 13:12:28.79531227 +0000 UTC","deployed","vector-backend-0.1.0","1.0"
"vector-backend-bl-dhtr3n","default","4","2024-09-20 07:15:47.606761469 +0000 UTC","deployed","vector-backend-0.1.0","1.0"
"vector-backend-bl-dhtr3n-audit","default","4","2024-09-20 07:15:27.478970367 +0000 UTC","deployed","vector-audit-service-0.1.0","1.0"
"vector-backend-bl-dhtr3n-db","default","1","2024-09-19 14:46:06.428336083 +0000 UTC","deployed","postgresql-12.12.10","15.4.0"
"vector-backend-bl-dhtr3n-frontend","default","4","2024-09-20 07:18:22.325549813 +0000 UTC","deployed","vector-frontend-0.1.0","1.0"
"vector-backend-bl-dhtr3n-rabbitmq","default","4","2024-09-20 07:15:09.572911675 +0000 UTC","deployed","rabbitmq-12.0.13","3.12.3"
"vector-backend-bl-dhtr3n-redis","default","4","2024-09-20 07:15:20.31921877 +0000 UTC","deployed","redis-17.15.6","7.2.0"
"vector-backend-cu-ajt3xw","default","13","2024-09-23 14:34:44.856111236 +0000 UTC","deployed","vector-backend-0.1.0","1.0"
"vector-backend-cu-ajt3xw-audit","default","13","2024-09-23 14:34:31.567751794 +0000 UTC","deployed","vector-audit-service-0.1.0","1.0"
"vector-backend-cu-ajt3xw-db","default","1","2024-09-17 12:55:53.500110119 +0000 UTC","deployed","postgresql-12.12.10","15.4.0"
"vector-backend-cu-ajt3xw-frontend","default","13","2024-09-23 14:36:45.944485596 +0000 UTC","deployed","vector-frontend-0.1.0","1.0"
"vector-backend-cu-ajt3xw-rabbitmq","default","13","2024-09-23 14:34:18.437813331 +0000 UTC","deployed","rabbitmq-12.0.13","3.12.3"
"vector-backend-cu-ajt3xw-redis","default","13","2024-09-23 14:34:25.592882164 +0000 UTC","deployed","redis-17.15.6","7.2.0"
"vector-backend-do-6i1gtt","default","1","2024-09-18 16:07:34.500699249 +0000 UTC","deployed","vector-backend-0.1.0","1.0"
"vector-backend-do-6i1gtt-audit","default","1","2024-09-18 16:07:22.820124596 +0000 UTC","deployed","vector-audit-service-0.1.0","1.0"
"vector-backend-do-6i1gtt-db","default","1","2024-09-18 15:55:07.907812805 +0000 UTC","deployed","postgresql-12.12.10","15.4.0"
"vector-backend-do-6i1gtt-frontend","default","1","2024-09-18 16:10:26.653826172 +0000 UTC","deployed","vector-frontend-0.1.0","1.0"
"vector-backend-do-6i1gtt-rabbitmq","default","1","2024-09-18 16:05:53.569781585 +0000 UTC","deployed","rabbitmq-12.0.13","3.12.3"
"vector-backend-do-6i1gtt-redis","default","1","2024-09-18 16:06:43.997844007 +0000 UTC","deployed","redis-17.15.6","7.2.0"
"vector-backend-ed-2opmwn","default","28","2024-09-23 14:14:04.744113433 +0000 UTC","deployed","vector-backend-0.1.0","1.0"
"vector-backend-ed-2opmwn-audit","default","28","2024-09-23 14:13:47.85398105 +0000 UTC","deployed","vector-audit-service-0.1.0","1.0"
"vector-backend-ed-2opmwn-db","default","1","2024-09-04 17:38:46.999896574 +0000 UTC","deployed","postgresql-12.12.10","15.4.0"
"vector-backend-ed-2opmwn-frontend","default","19","2024-09-23 14:15:53.352278971 +0000 UTC","deployed","vector-frontend-0.1.0","1.0"
"vector-backend-ed-2opmwn-rabbitmq","default","28","2024-09-23 14:13:32.445757875 +0000 UTC","deployed","rabbitmq-12.0.13","3.12.3"
"vector-backend-ed-2opmwn-redis","default","28","2024-09-23 14:13:41.300480759 +0000 UTC","deployed","redis-17.15.6","7.2.0"
"vector-backend-fi-7zmj4p","default","2","2024-09-23 07:28:11.683949928 +0000 UTC","deployed","vector-backend-0.1.0","1.0"
"vector-backend-fi-7zmj4p-audit","default","3","2024-09-23 07:28:00.492951896 +0000 UTC","deployed","vector-audit-service-0.1.0","1.0"
"vector-backend-fi-7zmj4p-db","default","1","2024-09-23 06:23:41.978751397 +0000 UTC","deployed","postgresql-12.12.10","15.4.0"
"vector-backend-fi-7zmj4p-frontend","default","1","2024-09-23 07:30:36.30007892 +0000 UTC","deployed","vector-frontend-0.1.0","1.0"
"vector-backend-fi-7zmj4p-rabbitmq","default","3","2024-09-23 07:27:49.104450331 +0000 UTC","deployed","rabbitmq-12.0.13","3.12.3"
"vector-backend-fi-7zmj4p-redis","default","3","2024-09-23 07:27:55.371606345 +0000 UTC","deployed","redis-17.15.6","7.2.0"
"vector-backend-fi-9q5ljb","default","5","2024-09-20 15:47:10.472451621 +0000 UTC","deployed","vector-backend-0.1.0","1.0"
"vector-backend-fi-9q5ljb-audit","default","5","2024-09-20 15:46:59.894447719 +0000 UTC","deployed","vector-audit-service-0.1.0","1.0"
"vector-backend-fi-9q5ljb-db","default","1","2024-09-18 13:55:57.771412774 +0000 UTC","deployed","postgresql-12.12.10","15.4.0"
"vector-backend-fi-9q5ljb-frontend","default","5","2024-09-20 15:49:22.566852197 +0000 UTC","deployed","vector-frontend-0.1.0","1.0"
"vector-backend-fi-9q5ljb-rabbitmq","default","5","2024-09-20 15:46:48.144375164 +0000 UTC","deployed","rabbitmq-12.0.13","3.12.3"
"vector-backend-fi-9q5ljb-redis","default","5","2024-09-20 15:46:54.694482894 +0000 UTC","deployed","redis-17.15.6","7.2.0"
"vector-backend-fi-gz2u39","default","1","2024-09-18 15:20:17.647369118 +0000 UTC","deployed","vector-backend-0.1.0","1.0"
"vector-backend-fi-gz2u39-audit","default","1","2024-09-18 15:20:05.541060898 +0000 UTC","deployed","vector-audit-service-0.1.0","1.0"
"vector-backend-fi-gz2u39-db","default","1","2024-09-18 15:09:13.583758738 +0000 UTC","deployed","postgresql-12.12.10","15.4.0"
"vector-backend-fi-gz2u39-frontend","default","1","2024-09-18 15:22:22.498179737 +0000 UTC","deployed","vector-frontend-0.1.0","1.0"
"vector-backend-fi-gz2u39-rabbitmq","default","1","2024-09-18 15:18:34.217847471 +0000 UTC","deployed","rabbitmq-12.0.13","3.12.3"
"vector-backend-fi-gz2u39-redis","default","1","2024-09-18 15:19:26.774226606 +0000 UTC","deployed","redis-17.15.6","7.2.0"
"vector-backend-fi-lam6t2","default","3","2024-09-18 07:31:19.855808127 +0000 UTC","deployed","vector-backend-0.1.0","1.0"
"vector-backend-fi-lam6t2-audit","default","3","2024-09-18 07:31:05.376107319 +0000 UTC","deployed","vector-audit-service-0.1.0","1.0"
"vector-backend-fi-lam6t2-db","default","1","2024-09-18 06:42:59.036967018 +0000 UTC","deployed","postgresql-12.12.10","15.4.0"
"vector-backend-fi-lam6t2-frontend","default","3","2024-09-18 07:33:16.102989672 +0000 UTC","deployed","vector-frontend-0.1.0","1.0"
"vector-backend-fi-lam6t2-rabbitmq","default","3","2024-09-18 07:30:52.123963776 +0000 UTC","deployed","rabbitmq-12.0.13","3.12.3"
"vector-backend-fi-lam6t2-redis","default","3","2024-09-18 07:31:00.080531369 +0000 UTC","deployed","redis-17.15.6","7.2.0"
"vector-backend-fi-p1ujym","default","1","2024-09-20 08:36:18.382709903 +0000 UTC","deployed","vector-backend-0.1.0","1.0"
"vector-backend-fi-p1ujym-audit","default","1","2024-09-20 08:36:06.562525366 +0000 UTC","deployed","vector-audit-service-0.1.0","1.0"
"vector-backend-fi-p1ujym-db","default","1","2024-09-20 08:23:34.719154395 +0000 UTC","deployed","postgresql-12.12.10","15.4.0"
"vector-backend-fi-p1ujym-frontend","default","1","2024-09-20 08:38:36.817227082 +0000 UTC","deployed","vector-frontend-0.1.0","1.0"
"vector-backend-fi-p1ujym-rabbitmq","default","1","2024-09-20 08:34:37.419897833 +0000 UTC","deployed","rabbitmq-12.0.13","3.12.3"
"vector-backend-fi-p1ujym-redis","default","1","2024-09-20 08:35:23.735268682 +0000 UTC","deployed","redis-17.15.6","7.2.0"
"vector-backend-om-eqpcna","default","27","2024-09-20 10:42:32.250665439 +0000 UTC","deployed","vector-backend-0.1.0","1.0"
"vector-backend-om-eqpcna-audit","default","27","2024-09-20 10:42:20.960432948 +0000 UTC","deployed","vector-audit-service-0.1.0","1.0"
"vector-backend-om-eqpcna-db","default","1","2024-08-21 13:40:10.149253834 +0000 UTC","deployed","postgresql-12.12.10","15.4.0"
"vector-backend-om-eqpcna-frontend","default","26","2024-09-20 10:45:08.08206772 +0000 UTC","deployed","vector-frontend-0.1.0","1.0"
"vector-backend-om-eqpcna-rabbitmq","default","27","2024-09-20 10:42:07.672244236 +0000 UTC","deployed","rabbitmq-12.0.13","3.12.3"
"vector-backend-om-eqpcna-redis","default","27","2024-09-20 10:42:14.681091442 +0000 UTC","deployed","redis-17.15.6","7.2.0"
"vector-cargowise-9npzgn","default","6","2024-09-23 07:50:46.031465064 +0000 UTC","deployed","vector-cargowise-ap-processing-0.1.0","1.0"
"vector-cargowise-9npzgn-db","default","1","2024-09-13 09:48:42.542436471 +0000 UTC","deployed","postgresql-11.7.0","14.4.0"
"vector-cargowise-9npzgn-rabbitmq","default","6","2024-09-23 07:50:41.40541067 +0000 UTC","deployed","rabbitmq-12.0.13","3.12.3"
"vector-cargowise-ap-processing","default","191","2024-09-19 13:09:17.781987932 +0000 UTC","deployed","vector-cargowise-ap-processing-0.1.0","1.0"
"vector-cargowise-b89zaf","default","2","2024-09-19 13:38:26.831394612 +0000 UTC","deployed","vector-cargowise-ap-processing-0.1.0","1.0"
"vector-cargowise-b89zaf-db","default","1","2024-09-19 12:19:27.650370943 +0000 UTC","deployed","postgresql-11.7.0","14.4.0"
"vector-cargowise-b89zaf-rabbitmq","default","2","2024-09-19 13:38:21.571257874 +0000 UTC","deployed","rabbitmq-12.0.13","3.12.3"
"vector-cargowise-bynngf","default","2","2024-09-06 13:03:08.606910066 +0000 UTC","deployed","vector-cargowise-ap-processing-0.1.0","1.0"
"vector-cargowise-bynngf-db","default","1","2024-09-06 11:30:05.289563534 +0000 UTC","deployed","postgresql-11.7.0","14.4.0"
"vector-cargowise-bynngf-rabbitmq","default","4","2024-09-06 13:03:03.86041659 +0000 UTC","deployed","rabbitmq-12.0.13","3.12.3"
"vector-cargowise-reference-lookup","default","162","2024-09-23 07:57:02.253813213 +0000 UTC","deployed","vector-cargowise-reference-lookup-0.1.0","1.0"
"vector-clamav","default","1","2023-05-04 17:21:59.461018656 +0000 UTC","deployed","vector-clamav-0.1.0","1.16.0"
"vector-classify","default","411","2024-09-23 10:16:34.73832968 +0000 UTC","deployed","vector-classify-0.1.0","1.0"
"vector-config-man-6cipoo-db","default","1","2024-05-03 14:37:19.617507435 +0000 UTC","deployed","postgresql-11.6.6","14.3.0"
"vector-config-man-b17vew-db","default","2","2024-04-02 16:16:59.863250966 +0000 UTC","deployed","postgresql-11.6.6","14.3.0"
"vector-config-man-fdhooh-db","default","1","2024-05-24 14:39:16.674849393 +0000 UTC","deployed","postgresql-11.6.6","14.3.0"
"vector-config-man-q2x9bk-db","default","1","2024-07-29 18:47:36.535927638 +0000 UTC","deployed","postgresql-11.6.6","14.3.0"
"vector-config-man-yskd4w-db","default","1","2024-04-16 14:36:33.026643976 +0000 UTC","deployed","postgresql-11.6.6","14.3.0"
"vector-config-manager","default","1289","2024-09-19 14:53:25.644939276 +0000 UTC","deployed","vector-config-manager-0.1.0","1.0"
"vector-dbt-docs","default","46","2024-09-20 11:30:07.683973491 +0000 UTC","deployed","vector-dbt-docs-0.1.0","1.16.0"
"vector-document-extraction","default","126","2024-09-20 13:58:49.734234517 +0000 UTC","deployed","vector-document-extraction-0.1.0","1.0"
"vector-email-processing","default","48","2023-11-21 21:31:53.223594227 +0000 UTC","deployed","vector-email-processing-0.1.0","1.0"
"vector-email-serv-6eyf2u","default","1","2024-08-02 09:21:45.628886535 +0000 UTC","deployed","vector-email-service-0.1.0","1.0"
"vector-email-serv-6eyf2u-be","default","1","2024-08-02 09:22:18.611452294 +0000 UTC","deployed","vector-backend-0.1.0","1.0"
"vector-email-serv-6eyf2u-db-be","default","1","2024-08-02 09:11:09.776164292 +0000 UTC","deployed","postgresql-11.7.0","14.4.0"
"vector-email-serv-6eyf2u-db-email","default","1","2024-08-02 08:19:51.797691146 +0000 UTC","deployed","postgresql-11.7.0","14.4.0"
"vector-email-serv-6eyf2u-e","default","2","2024-08-02 08:42:04.488966767 +0000 UTC","deployed","vector-email-service-0.1.0","1.0"
"vector-email-serv-6eyf2u-fe","default","1","2024-08-02 09:23:55.448300769 +0000 UTC","deployed","vector-frontend-0.1.0","1.0"
"vector-email-serv-6eyf2u-rabbitmq","default","1","2024-08-02 09:20:28.114621566 +0000 UTC","deployed","rabbitmq-12.0.13","3.12.3"
"vector-email-serv-6eyf2u-redis","default","3","2024-08-02 09:20:20.581639178 +0000 UTC","deployed","redis-17.15.6","7.2.0"
"vector-email-service","default","178","2024-09-23 11:24:56.92500775 +0000 UTC","deployed","vector-email-service-0.1.0","1.0"
"vector-entity-classifier","default","4","2020-09-10 10:15:43.098629526 +0000 UTC","deployed","vector-entity-classifier-0.1.0","1.0"
"vector-etron","default","75","2024-09-16 19:52:33.064778873 +0000 UTC","deployed","vector-etron-0.1.0","1.0"
"vector-excel-extraction","default","26","2024-09-20 09:21:21.090724607 +0000 UTC","deployed","vector-excel-extraction-0.1.0","1.0"
"vector-extract","default","1259","2024-09-23 09:39:39.878436482 +0000 UTC","failed","vector-extract-0.1.0","1.0"
"vector-extract-cr-wctu2b-db","default","1","2024-09-18 09:21:27.37057785 +0000 UTC","deployed","postgresql-11.6.6","14.3.0"
"vector-extract-cr-wctu2b-elasticsearch","default","1","2024-09-18 09:23:08.224700644 +0000 UTC","deployed","elasticsearch-19.5.15","8.6.2"
"vector-extract-cr-wctu2b-redis","default","1","2024-09-18 09:25:30.923042499 +0000 UTC","deployed","redis-17.10.2","7.0.11"
"vector-extract-fe-8xat2s-db","default","1","2024-06-04 10:45:21.565415034 +0000 UTC","deployed","postgresql-11.6.6","14.3.0"
"vector-extract-fe-8xat2s-elasticsearch","default","1","2024-06-04 10:47:18.053185854 +0000 UTC","deployed","elasticsearch-19.5.15","8.6.2"
"vector-extract-fe-8xat2s-redis","default","1","2024-06-04 10:49:36.848643248 +0000 UTC","deployed","redis-17.10.2","7.0.11"
"vector-frontend","default","4185","2024-09-20 05:31:25.420350186 +0000 UTC","deployed","vector-frontend-0.1.0","1.0"
"vector-frontend-b-2sg2au","default","1","2024-09-23 08:38:39.456712987 +0000 UTC","deployed","vector-frontend-0.1.0","1.0"
"vector-frontend-b-2sg2au-unleash-proxy","default","1","2024-09-23 08:38:47.915425202 +0000 UTC","deployed","unleash-proxy-0.1.0","1.0"
"vector-frontend-b-y22np5","default","2","2024-09-10 17:41:14.765782029 +0000 UTC","deployed","vector-frontend-0.1.0","1.0"
"vector-frontend-b-y22np5-unleash-proxy","default","2","2024-09-10 17:41:26.590109896 +0000 UTC","deployed","unleash-proxy-0.1.0","1.0"
"vector-frontend-b-yk7ei2","default","2","2024-09-16 13:14:35.155886903 +0000 UTC","deployed","vector-frontend-0.1.0","1.0"
"vector-frontend-b-yk7ei2-unleash-proxy","default","2","2024-09-16 13:14:43.848464051 +0000 UTC","deployed","unleash-proxy-0.1.0","1.0"
"vector-frontend-c-h657qs","default","9","2024-09-23 09:45:52.013303642 +0000 UTC","deployed","vector-frontend-0.1.0","1.0"
"vector-frontend-c-h657qs-unleash-proxy","default","9","2024-09-23 09:45:58.887368889 +0000 UTC","deployed","unleash-proxy-0.1.0","1.0"
"vector-frontend-c-j16620","default","5","2024-09-23 07:27:23.711799029 +0000 UTC","deployed","vector-frontend-0.1.0","1.0"
"vector-frontend-c-j16620-unleash-proxy","default","5","2024-09-23 07:27:36.112725899 +0000 UTC","deployed","unleash-proxy-0.1.0","1.0"
"vector-frontend-e-bhzsfs","default","7","2024-09-13 12:47:56.528402549 +0000 UTC","deployed","vector-frontend-0.1.0","1.0"
"vector-frontend-e-bhzsfs-unleash-proxy","default","7","2024-09-13 12:48:05.691117371 +0000 UTC","deployed","unleash-proxy-0.1.0","1.0"
"vector-frontend-e-e6jtw7","default","3","2024-08-29 13:01:07.147264557 +0000 UTC","deployed","vector-frontend-0.1.0","1.0"
"vector-frontend-e-e6jtw7-unleash-proxy","default","3","2024-08-29 13:01:16.881367232 +0000 UTC","deployed","unleash-proxy-0.1.0","1.0"
"vector-frontend-f-929x8c","default","1","2024-09-23 07:52:58.280413736 +0000 UTC","deployed","vector-frontend-0.1.0","1.0"
"vector-frontend-f-929x8c-unleash-proxy","default","1","2024-09-23 07:53:08.509965661 +0000 UTC","deployed","unleash-proxy-0.1.0","1.0"
"vector-frontend-f-g6db20","default","1","2024-09-22 08:43:55.019413332 +0000 UTC","deployed","vector-frontend-0.1.0","1.0"
"vector-frontend-f-g6db20-unleash-proxy","default","1","2024-09-22 08:44:03.117097258 +0000 UTC","deployed","unleash-proxy-0.1.0","1.0"
"vector-frontend-f-wtxal5","default","1","2024-09-04 04:48:19.611216019 +0000 UTC","deployed","vector-frontend-0.1.0","1.0"
"vector-frontend-f-wtxal5-unleash-proxy","default","1","2024-09-04 04:48:25.891552483 +0000 UTC","deployed","unleash-proxy-0.1.0","1.0"
"vector-frontend-f-z1jutr","default","2","2024-09-22 09:19:44.793176945 +0000 UTC","deployed","vector-frontend-0.1.0","1.0"
"vector-frontend-f-z1jutr-unleash-proxy","default","2","2024-09-22 09:19:57.594608218 +0000 UTC","deployed","unleash-proxy-0.1.0","1.0"
"vector-frontend-o-5rq7xe","default","10","2024-09-20 10:41:41.968154834 +0000 UTC","deployed","vector-frontend-0.1.0","1.0"
"vector-frontend-o-5rq7xe-unleash-proxy","default","10","2024-09-20 10:41:51.118631677 +0000 UTC","deployed","unleash-proxy-0.1.0","1.0"
"vector-frontend-o-c26d0r","default","1","2024-09-11 08:10:52.464262506 +0000 UTC","deployed","vector-frontend-0.1.0","1.0"
"vector-frontend-o-c26d0r-unleash-proxy","default","1","2024-09-11 08:11:00.352138036 +0000 UTC","deployed","unleash-proxy-0.1.0","1.0"
"vector-frontend-o-l6hych","default","1","2024-08-30 10:46:14.043250248 +0000 UTC","deployed","vector-frontend-0.1.0","1.0"
"vector-frontend-o-l6hych-unleash-proxy","default","1","2024-08-30 10:46:22.289412858 +0000 UTC","deployed","unleash-proxy-0.1.0","1.0"
"vector-frontend-o-m05sln","default","8","2024-09-20 16:22:21.350697238 +0000 UTC","deployed","vector-frontend-0.1.0","1.0"
"vector-frontend-o-m05sln-unleash-proxy","default","8","2024-09-20 16:22:28.182740339 +0000 UTC","deployed","unleash-proxy-0.1.0","1.0"
"vector-frontend-unleash-proxy","default","2822","2024-09-20 05:31:46.033441742 +0000 UTC","deployed","unleash-proxy-0.1.0","1.0"
"vector-hoppscotch","default","1","2023-03-30 09:25:22.350825833 +0000 UTC","deployed","vector-hoppscotch-0.1.0","1.16.0"
"vector-issuer-recognition","default","132","2024-09-06 16:45:59.849018386 +0000 UTC","deployed","vector-issuer-recognition-0.1.0","1.0"
"vector-large-models-client","default","154","2024-09-20 08:25:02.510877764 +0000 UTC","deployed","vector-large-models-client-0.1.0","1.0"
"vector-metabase","default","7","2024-08-12 11:39:58.63092946 +0000 UTC","deployed","vector-metabase-0.1.0","1.16.0"
"vector-netchb","default","3","2022-03-22 13:49:03.141395718 +0000 UTC","deployed","vector-netchb-0.1.0","1.0"
"vector-ocr-manage-0yf4r2","default","3","2024-09-18 13:11:34.723095544 +0000 UTC","deployed","vector-ocr-manager-0.1.0","1.0"
"vector-ocr-manager","default","379","2024-09-19 13:49:52.26445905 +0000 UTC","deployed","vector-ocr-manager-0.1.0","1.0"
"vector-ocr-manager-reader","default","180","2024-09-19 13:49:59.041267722 +0000 UTC","deployed","vector-ocr-manager-0.1.0","1.0"
"vector-payment-integrations","default","75","2024-07-19 14:15:27.962253219 +0000 UTC","deployed","vector-payment-integrations-0.1.0","0.1"
"vector-ports-service","default","16","2022-10-03 08:41:25.347817244 +0000 UTC","deployed","vector-ports-service-0.1.0","1.16.0"
"vector-rules","default","18","2024-09-23 09:58:47.389931674 +0000 UTC","deployed","vector-rules-0.1.0","1.0"
"vector-sentence-tagger","default","5","2020-09-17 18:01:11.384928992 +0000 UTC","deployed","vector-sentence-tagger-0.1.0","1.0"
"vector-splice","default","240","2024-09-16 19:43:36.96343894 +0000 UTC","deployed","vector-splice-0.1.0","1.0"
"vector-standardize","default","480","2024-09-19 10:12:49.29584136 +0000 UTC","deployed","vector-standardize-0.1.0","1.0"
"vector-website","default","42","2021-07-02 11:08:42.785630886 +0000 UTC","deployed","vector-website-0.1.0","1.0"
"workflow-builder","default","184","2024-09-23 09:02:17.294686387 +0000 UTC","deployed","workflow-builder-0.1.0","1.0"
"workflow-builder-anrj3b","default","1","2024-09-22 21:08:07.16388414 +0000 UTC","failed","workflow-builder-0.1.0","1.0"
"workflow-builder-anrj3b-audit","default","1","2024-09-22 21:04:17.033014562 +0000 UTC","deployed","vector-audit-service-0.1.0","1.0"
"workflow-builder-anrj3b-db-be","default","1","2024-09-22 20:54:44.503209128 +0000 UTC","deployed","postgresql-12.12.10","15.4.0"
"workflow-builder-anrj3b-rabbitmq","default","1","2024-09-22 21:03:28.241775609 +0000 UTC","deployed","rabbitmq-12.0.13","3.12.3"
"workflow-builder-anrj3b-redis","default","1","2024-09-22 21:02:42.358116011 +0000 UTC","deployed","redis-17.15.6","7.2.0"
"workflow-builder-fwk-543","default","7","2024-09-23 05:01:50.436815171 +0000 UTC","deployed","workflow-builder-0.1.0","1.0"
"workflow-builder-fwk-543-audit","default","7","2024-09-23 05:01:21.786775612 +0000 UTC","deployed","vector-audit-service-0.1.0","1.0"
"workflow-builder-fwk-543-be","default","7","2024-09-23 05:04:01.265524507 +0000 UTC","failed","vector-backend-0.1.0","1.0"
"workflow-builder-fwk-543-db-be","default","1","2024-09-18 09:01:45.005817178 +0000 UTC","deployed","postgresql-12.12.10","15.4.0"
"workflow-builder-fwk-543-fe","default","6","2024-09-20 11:50:28.120880453 +0000 UTC","deployed","vector-frontend-0.1.0","1.0"
"workflow-builder-fwk-543-rabbitmq","default","7","2024-09-23 05:01:16.900290244 +0000 UTC","deployed","rabbitmq-12.0.13","3.12.3"
"workflow-builder-fwk-543-redis","default","7","2024-09-23 05:01:09.876492057 +0000 UTC","deployed","redis-17.15.6","7.2.0"
"workflow-builder-fwk-546","default","4","2024-09-23 11:42:54.162682379 +0000 UTC","deployed","workflow-builder-0.1.0","1.0"
"workflow-builder-fwk-546-audit","default","4","2024-09-23 11:42:20.521321018 +0000 UTC","deployed","vector-audit-service-0.1.0","1.0"
"workflow-builder-fwk-546-be","default","4","2024-09-23 11:43:05.938792649 +0000 UTC","deployed","vector-backend-0.1.0","1.0"
"workflow-builder-fwk-546-db-be","default","1","2024-09-23 09:55:58.981520068 +0000 UTC","deployed","postgresql-12.12.10","15.4.0"
"workflow-builder-fwk-546-fe","default","3","2024-09-23 11:43:48.882866491 +0000 UTC","deployed","vector-frontend-0.1.0","1.0"
"workflow-builder-fwk-546-rabbitmq","default","4","2024-09-23 11:42:15.540476299 +0000 UTC","deployed","rabbitmq-12.0.13","3.12.3"
"workflow-builder-fwk-546-redis","default","4","2024-09-23 11:42:08.105227619 +0000 UTC","deployed","redis-17.15.6","7.2.0"
"workflow-builder-fwk-548","default","2","2024-09-23 13:42:59.035164113 +0000 UTC","deployed","workflow-builder-0.1.0","1.0"
"workflow-builder-fwk-548-audit","default","2","2024-09-23 13:42:27.966278775 +0000 UTC","deployed","vector-audit-service-0.1.0","1.0"
"workflow-builder-fwk-548-be","default","2","2024-09-23 13:44:41.511498488 +0000 UTC","deployed","vector-backend-0.1.0","1.0"
"workflow-builder-fwk-548-db-be","default","1","2024-09-23 10:37:43.501730509 +0000 UTC","deployed","postgresql-12.12.10","15.4.0"
"workflow-builder-fwk-548-fe","default","2","2024-09-23 13:46:32.044300531 +0000 UTC","deployed","vector-frontend-0.1.0","1.0"
"workflow-builder-fwk-548-rabbitmq","default","2","2024-09-23 13:42:22.735910153 +0000 UTC","deployed","rabbitmq-12.0.13","3.12.3"
"workflow-builder-fwk-548-redis","default","2","2024-09-23 13:42:15.557463646 +0000 UTC","deployed","redis-17.15.6","7.2.0"
"workflow-builder-k9rao4-db-be","default","1","2024-06-10 09:27:19.973629906 +0000 UTC","deployed","postgresql-12.12.10","15.4.0"
"workflow-builder-rfyap8","default","4","2024-09-16 10:59:55.57393681 +0000 UTC","deployed","workflow-builder-0.1.0","1.0"
"workflow-builder-rfyap8-audit","default","4","2024-09-16 10:59:25.717848306 +0000 UTC","deployed","vector-audit-service-0.1.0","1.0"
"workflow-builder-rfyap8-be","default","4","2024-09-16 11:00:10.666439591 +0000 UTC","deployed","vector-backend-0.1.0","1.0"
"workflow-builder-rfyap8-db-be","default","1","2024-09-06 08:10:49.296804576 +0000 UTC","deployed","postgresql-12.12.10","15.4.0"
"workflow-builder-rfyap8-fe","default","4","2024-09-16 11:01:49.003028428 +0000 UTC","deployed","vector-frontend-0.1.0","1.0"
"workflow-builder-rfyap8-rabbitmq","default","4","2024-09-16 10:59:20.917281893 +0000 UTC","deployed","rabbitmq-12.0.13","3.12.3"
"workflow-builder-rfyap8-redis","default","4","2024-09-16 10:59:13.548307038 +0000 UTC","deployed","redis-17.15.6","7.2.0"
"workflow-builder-venmdf-db-be","default","1","2024-09-18 08:25:00.867763334 +0000 UTC","deployed","postgresql-12.12.10","15.4.0"
